x,y
5101,8828
3470,3845
1802,1048
6609,4687
9216,216
4335,1060
6339,6232
4517,531
1912,3223
4001,2737
2821,596
3550,6154
540,3712
4877,8028
4900,4853
5288,7233
5474,1246
2263,7999
8133,8615
596,4098
4730,689
9943,1605
2209,3560
296,2080
8955,2779
3073,4655
3166,8946
9796,3898
6306,1780
206,3326
8155,892
355,2113
1441,8804
8071,6650
2610,5856
3506,1497
4307,4200
7910,5691
2576,9905
6091,6885
442,9430
6621,2985
135,5244
9509,6191
1842,5106
7118,6658
642,742
650,5485
657,2373
8974,1170
2127,2374
2921,9782
6429,1152
3695,8701
1561,9454
749,4346
1013,4517
76,87
4114,4570
5434,6972
5918,5301
308,2983
2399,7230
7543,9245
2332,3229
555,4774
4125,7634
9949,9403
6946,2406
4223,4408
3026,6078
4822,6906
8382,6831
987,3204
9127,7978
2037,260
6040,8995
8008,2139
5336,6877
6850,2173
6772,5468
1292,2924
4441,8630
6625,4968
3331,9963
5849,8068
6465,3421
4185,471
1305,72
7981,8647
5565,2103
6748,6650
3858,4952
5139,7715
1882,368
4638,2092
3542,6069
8839,2880
4988,8980
1786,4809
8533,1049
1989,5521
7039,9038
8849,9456
4928,6744
6979,430
7038,9154
2377,1760
4946,3655
7176,689
5959,15
3841,5211
1395,5364
972,6551
3835,9509
3854,975
3171,8698
7106,2659
3944,7649
4411,2205
3413,5070
7369,9697
7822,271
7329,6056
3824,4359
1839,3915
9950,360
3044,4865
6660,9261
6737,5917
9273,449
7693,221
3536,5141
9094,8382
37,5911
3562,5062
3120,7002
3207,6678
936,6109
5690,543
1545,7921
2013,7533
4193,8301
398,5037
4507,5345
4897,4013
7776,4507
1579,9918
3222,4853
1169,7419
8388,3473
9292,5609
766,9042
2532,3236
9743,2406
1041,9327
4458,6942
7950,2372
739,7748
3190,6014
1825,7331
6424,8693
4506,8232
6911,3862
4123,585
2338,5388
4947,3065
290,261
9699,4879
3839,945
1649,5364
9127,1786
6121,6973
7199,545
691,3449
2223,5947
3073,7929
5451,6065
1224,3603
6433,9464
1094,8646
6124,1986
2814,7066
7250,885
2934,5295
8979,5809
220,5415
3038,3664
8560,3225
3139,6361
1211,5624
7413,3269
4462,1171
5566,10
3507,7934
6952,2625
2928,8688
8151,3622
6231,9420
824,4718
5171,7819
5647,8357
1994,5585
3702,4134
8119,9375
154,1921
2454,2516
1901,49
4345,2099
329,7635
9040,6954
6565,2731
5850,395
9674,6443
1343,8512
7921,3776
6977,6480
13,1475
1050,6729
7767,5075
4714,3046
127,9754
4860,9352
8188,9126
7551,1834
5469,2549
8608,6122
8574,2661
2385,2762
75,4989
3277,2206
5563,7305
7076,8581
7850,7489
560,2293
2711,5727
9488,7412
1338,5225
3037,859
574,7244
9698,3980
2625,4792
9059,4638
7419,8285
3264,9867
3487,4882
5995,2892
3578,6010
9445,3946
4855,6949
8293,2781
2471,9710
1721,8109
4943,4068
1498,6178
4623,6560
6928,4219
9876,1941
8993,8071
5671,2765
4121,1965
8647,5397
5729,3266
2070,237
5996,8413
7669,1993
5015,8041
8913,264
5367,1129
626,1303
9390,1686
4967,3923
295,9915
5629,5437
3508,295
1757,1601
188,6488
3384,679
3751,3376
6259,7243
3334,6693
5866,8615
6849,1422
3411,6081
5743,3680
9496,3376
1276,6271
4457,9575
9997,4589
8595,8009
5840,7278
1726,6179
3251,761
9319,585
3812,9360
5704,6575
7265,6705
2486,5593
4820,1990
1823,7954
5919,9414
7825,8970
2563,7716
5120,9529
9796,7126
8060,7183
2030,91
7537,2216
4940,6001
3169,474
8851,1075
4479,7655
3539,813
3967,977
8972,5620
4458,4352
4086,8786
991,941
8656,6764
988,2351
2414,6859
5525,8966
6258,1079
5639,8671
4874,8091
6556,8362
4223,7934
3012,3187
9801,8916
6034,6796
3193,2634
3913,6147
1827,5523
170,8094
7319,6011
928,2728
9393,4472
5000,7400
9918,8346
6362,6734
6547,6266
4416,3999
5341,8855
5467,2117
4180,5390
503,1116
9454,6699
2421,8867
3141,4057
2808,4326
602,2669
4768,7008
7916,6954
4623,1471
4301,8929
8964,5891
7408,1094
788,8507
9068,1134
6565,4162
1522,4126
411,1991
2950,1094
4173,3607
8669,4704
1150,7111
1961,7765
2406,6586
5304,1262
351,2244
2775,4895
6448,2671
9113,8278
5920,6311
6058,1792
4838,8062
2312,9518
4772,8016
5661,7089
90,6320
3830,4823
9730,2422
6547,5158
7831,4080
8423,6078
2372,6584
6465,9699
8612,3499
5451,4401
6769,6657
6860,774
1472,2520
2742,978
9209,1368
5281,1957
3562,9931
9942,3808
2610,454
7931,8302
3688,8329
1334,3994
5577,4008
6374,7348
5723,5277
9942,4307
3281,2099
2740,4318
9935,7384
3878,2565
188,5981
1016,3366
3948,87
2812,8086
3950,3106
5893,6912
7047,9607
2884,6370
7628,9858
5377,8977
9294,9389
5259,9268
6945,355
3925,8221
4417,6821
7574,453
3138,7134
3785,9563
8941,7863
4085,18
95,4611
9256,8509
7042,7026
8237,8805
7917,5478
3570,797
1151,8746
8223,4287
1366,743
279,7876
2963,3653
7083,6578
4732,9757
2706,1449
1853,6172
4587,7231
3826,1132
1363,9981
5361,9860
6969,5342
2843,5242
7919,3997
6309,7214
1634,2895
9011,5267
3751,7866
7302,4507
7735,1559
4515,997
863,8435
817,2244
5936,7612
337,999
9841,4387
2849,9966
4577,3999
8093,4742
7143,9333
2729,1325
9498,4469
767,2082
5278,337
2232,9580
18,2086
8540,7862
7738,3994
3061,4489
3105,1432
8844,5343
988,3835
4910,7576
5058,6169
232,7491
6399,6068
3023,8307
880,631
5928,4534
573,5899
1754,5596
1077,5953
9036,6823
6209,5501
7104,9379
2664,7246
931,596
7400,6021
6574,3122
7269,8035
383,5141
7400,8549
1526,1307
5273,7059
6211,7836
4304,3448
7489,1220
7644,8152
5017,9271
1686,9135
2148,6805
4252,9809
5978,7429
1536,5010
1785,3944
8995,2357
7840,2526
6774,1383
1461,3525
2049,2633
6661,1649
9894,8755
6351,3836
8518,7761
8807,124
1446,1442
5153,5770
1488,1398
6947,1020
1605,9143
4636,5318
6294,6028
9020,2150
6737,327
4022,9314
5762,9611
8858,1243
2189,1516
7221,6422
9162,3332
9572,1043
7937,3151
3344,6559
7540,1194
2628,5121
2582,4550
4381,7772
6679,3793
2787,9034
3705,3221
7853,9358
4630,2949
1468,7740
8094,4985
2695,7709
7244,615
5921,7909
7645,5643
1527,6678
7842,1038
8572,5873
8039,2795
9593,1633
9775,1877
3674,9874
3386,9386
5856,7234
6768,2269
3424,9849
1658,6969
2493,6413
5541,6954
5742,1993
7717,546
8717,1851
2191,2024
2891,1231
5837,579
2928,4483
271,1657
9312,9413
3114,2290
1210,1011
532,2602
2084,7520
3856,400
5606,3120
557,6481
7695,7164
1859,938
6285,3859
4256,152
5518,5795
1680,1069
7878,2939
5952,5840
5100,6500
8608,7659
751,826
3420,4408
6759,95
4340,3712
3260,271
6992,1313
5068,8394
2656,2843
3681,7982
4445,2603
7510,2814
8520,739
1510,9579
7275,1
7527,7479
7317,9928
6304,1230
3244,2035
2714,6454
5985,8820
5659,3704
9698,7180
3031,5987
307,2469
1576,7985
9105,5414
1999,6537
9563,5385
2610,9032
1402,9213
9569,1384
3942,631
1918,4434
6445,4868
6110,4829
9146,1802
4748,3656
9168,7513
7677,2261
7016,9518
4774,1621
6127,1938
1725,7806
9862,288
1230,5461
1592,8831
4451,4519
7094,9107
2688,5400
3508,9837
5055,3726
8768,145
5210,3950
3118,6223
6825,9094
1250,79
1080,7174
6198,5382
6857,1375
7567,1140
6567,7761
6291,9204
5814,7798
2193,3160
9792,85
9300,1822
2781,5893
2010,6579
9015,1398
1472,9639
599,1458
6874,2692
531,5483
3020,8822
6511,2213
4076,1988
9344,9082
3403,473
6226,1593
8202,3416
293,1536
6812,3274
4020,3685
7493,9151
4616,7514
7874,6223
82,6339
6384,1975
4757,4453
8520,9364
8114,2775
1796,7700
3713,6601
9856,6527
9713,5310
8037,4849
4960,286
6430,4354
8382,4256
9350,4921
1785,6529
516,8047
3095,8417
4507,3845
7828,5570
5524,4278
6228,4431
3383,2225
6336,3843
2123,8601
5919,5739
2017,862
6806,9421
9402,1568
128,1367
978,9751
1598,645
7574,5840
8157,1588
6109,2502
532,8892
363,6236
1696,8878
6790,1656
7702,1601
7411,1094
2359,5674
8856,4803
7397,3391
2759,2331
2941,9776
6291,1284
6064,2686
4896,9784
3827,5894
6644,6903
52,5257
6564,6791
3275,2811
1172,837
562,314
3211,7748
4531,3265
6060,5849
555,5527
210,9782
3047,9221
1990,7623
6843,275
5233,938
8891,1930
1702,1202
339,4722
1490,2634
2302,3646
4143,6513
5188,3282
3586,9806
9552,2896
1362,1863
488,9571
5402,2067
1687,654
8767,9580
819,7813
1995,6520
8320,4075
2433,7412
1761,2764
9714,4533
2342,5911
9913,8337
8439,9995
1348,1175
5871,8861
7626,3463
8520,5325
8632,5166
1975,3569
1548,9996
1769,6978
7418,5495
4720,631
6335,7177
3228,9847
8050,7496
3805,631
959,45
9009,7250
9641,2754
6412,4359
8297,1869
7154,4843
9283,5266
1360,2843
9953,9874
6619,1850
465,597
986,8225
3658,9314
9461,9286
9813,5379
6539,2233
1454,4219
7154,6216
5197,224
7699,8466
7565,5307
9823,5540
1717,1454
2511,6536
4664,8509
334,2522
8648,5712
5208,108
6452,3441
2747,4293
481,7715
6357,1272
3005,8030
6417,383
2499,5192
5671,4833
373,9780
269,7015
2304,460
476,4575
8950,2438
3997,544
7493,6687
1252,1989
7958,216
38,2704
2694,9239
3252,5594
4748,8155
1177,477
268,7638
9867,2547
388,1657
4097,4464
7290,9441
705,2287
4147,6274
7405,8953
3360,5225
5311,1060
8914,5241
3517,7469
1461,4310
8165,5993
5845,8571
5410,6577
2193,4763
22,5510
2642,920
2663,5744
1921,6974
4891,6619
9635,9406
2801,4379
7770,5762
2085,9873
2842,9611
7650,2126
393,5990
6432,9054
8856,2830
3048,9238
7577,3396
5453,5228
7458,9732
82,8471
519,3139
3959,2650
8931,5846
3048,8850
6418,2068
2502,3667
7201,459
2692,8211
191,2902
2938,881
5661,94
6819,6643
9945,1374
5620,7371
5434,6554
9581,4730
8626,1165
3997,4568
7882,2761
3641,1806
7027,541
5242,7898
9635,5615
900,4576
471,4204
2605,6615
9912,1170
9680,9100
3532,6686
4151,5829
3464,6985
1376,6517
3688,9118
991,3398
8510,7335
7344,981
8905,2096
6851,3221
5434,1189
3358,9915
3123,110
1721,6921
1816,5941
9849,3876
6189,9100
1071,360
1516,1755
6717,6693
2848,4816
9775,8174
9278,2435
4574,2145
4631,9789
3207,7391
7745,720
6615,4412
3739,7467
7482,8394
7233,3699
2109,8809
1778,3957
756,7972
2819,2929
9592,2144
3840,5214
3633,2551
8691,1556
810,2907
2299,5714
9724,9758
867,6258
8683,7300
827,5557
3392,7842
4502,2654
8538,4163
7978,9276
9267,4599
7287,5755
9711,4713
2687,3334
1211,9361
5766,8156
7712,646
2145,9719
9677,9989
3266,3173
4598,2275
9439,7938
5106,9330
3565,5137
3751,734
2459,1503
104,6922
8126,7397
8852,8883
8693,8847
7971,2261
971,2978
2717,3898
3914,2375
8736,1584
3157,7201
5936,195
5252,8681
1964,9373
2261,6299
3059,6389
1226,8487
7727,5761
8102,6626
9855,5740
7859,655
7476,4033
9131,9356
8884,3800
6300,2331
6098,861
1759,2089
5724,5648
369,8562
5414,8071
4537,8854
8304,7005
3113,2679
3667,2206
5898,9134
5514,9686
326,4490
635,6511
4777,5744
180,5689
2287,8164
7540,2607
2215,2719
6684,3479
450,5370
9377,9558
1335,3813
3055,344
5766,4137
3978,6833
7802,78
6164,9646
4324,5382
9836,8493
363,4629
1750,2386
3466,5424
1259,1542
9146,1686
1608,1455
7173,7899
7493,2334
9181,550
2964,8542
168,4110
4357,7134
9584,2488
5235,6914
508,9672
2986,4774
5167,2685
5800,5040
7094,3028
3646,6868
8696,8773
8837,2933
3004,3640
1491,9551
8994,553
4785,111
5020,1189
9479,1473
8642,874
8460,807
9729,6544
6695,6830
9474,6922
2588,5205
8154,7752
7857,8724
4523,5827
1121,9119
5443,1465
6214,6546
9420,5088
6311,2864
9080,6452
1653,4368
7286,2990
6785,2586
2450,9981
977,3281
4983,5130
8749,6536
6135,3178
6241,7008
5217,8190
9889,1568
4069,6420
8750,3411
9072,7118
4805,3804
101,8947
7743,848
7342,2308
959,8174
707,3873
9945,3561
9538,9524
1233,5461
7265,2466
8703,3823
4864,9561
1352,6451
2753,60
567,1515
918,6338
7694,3258
5866,5585
6842,3745
251,293
2556,3511
7690,889
8200,678
5907,1169
6287,2735
8041,4840
1377,932
1660,8151
7722,2649
9643,8298
5982,2252
9725,7245
3530,7107
2974,9231
3591,4006
4609,747
7655,3146
3792,5911
6100,3653
2531,8043
988,3684
7409,61
3205,142
216,7747
2974,7844
4103,9797
8542,3884
8816,4861
2307,868
2700,2006
749,4200
1952,1986
4255,893
4724,2246
4577,5637
6313,5406
3929,4352
2209,2370
5468,9517
2010,4805
6994,6986
1453,718
9233,143
6214,6716
1317,5019
7226,9757
5456,339
5491,7452
1084,9677
9695,3065
4684,663
1024,5893
5165,6091
4072,4147
8511,2582
4668,7307
8547,2077
3116,8402
9141,7314
2312,3761
7047,8170
2564,5008
4284,6216
315,5894
7231,4572
5959,9833
7656,5697
5173,5835
7059,1992
3772,3811
7244,117
9066,2917
9410,9526
7900,3658
4430,3469
506,624
1574,6622
5131,6838
9218,8229
1332,7662
8582,7134
5373,6208
818,1111
6329,6958
909,8578
1944,1859
4864,281
5640,2723
7021,9799
9018,2963
9468,5420
9622,3112
3073,5023
7536,5084
51,7353
1614,5364
3744,2226
3566,3343
4845,4526
9903,2230
3163,8307
579,1717
593,4654
756,1919
5532,1278
2821,6699
8828,4511
2212,9535
7908,4865
5153,1519
1156,6970
2615,7894
3786,3338
9321,8893
5987,6987
8364,3929
558,5343
4951,1055
8935,1764
7062,8496
964,7005
9883,3429
6032,7237
1748,8707
4757,4425
1308,8401
420,5484
6414,5364
9157,6496
7236,7533
2355,6029
1105,1283
7330,6751
6868,8741
4766,9217
9541,7078
2440,7374
253,4836
1408,2834
8323,2158
3792,6837
308,9550
5156,2785
1960,4987
6977,9422
3459,2689
2079,8956
4817,7835
725,2622
1947,8354
8703,4563
136,6595
3122,5919
5742,7977
5536,8766
8247,1915
3163,8236
5647,8890
7799,9995
454,5891
5425,2605
9856,2942
7791,2612
2479,1655
1817,9174
9421,9079
571,8297
8426,4696
715,3710
362,3820
5331,3099
4842,8767
5912,3584
5169,7716
2460,9889
1058,5141
7032,8399
2591,6706
3931,765
8964,368
8331,2794
1159,2784
5611,5822
7593,2036
137,2555
5920,6771
9786,7629
3770,2664
1503,3079
1726,263
8334,944
3727,6485
8933,9162
3554,4931
2445,6434
5316,2056
3842,1996
8052,2444
8426,6850
7289,5336
3082,1668
4916,3280
6226,6223
4224,808
5432,5140
4135,2802
5951,5954
1600,8322
1574,6901
2864,5993
4539,1000
6056,196
741,38
3991,7710
7956,95
2456,7122
7603,7120
8864,8186
9415,939
5600,2319
337,9948
6159,9103
321,1809
6498,6161
8351,3560
8022,708
8180,4549
7896,3232
8790,3948
4658,1377
106,3823
7992,1865
5488,5937
2239,1710
5706,2988
7046,5343
6609,729
1975,9481
8829,8979
6210,9623
5798,286
1824,6185
4505,34
5292,2183
6234,4931
8450,6888
3386,5074
2836,6301
3386,9597
4644,7069
82,6999
657,3990
7671,7185
7271,8481
6456,7875
7133,3304
5266,365
3883,3220
9561,9300
1740,5469
7779,3922
8205,4903
8172,6239
1698,3055
6261,4530
8751,7909
3924,2626
3185,376
6857,622
9387,157
6686,4262
2127,2406
9166,3859
230,7229
8923,2211
8785,6153
4170,2503
4099,7974
8653,4433
3958,4237
532,5515
7429,2200
263,6712
5430,9559
6341,2308
8179,8086
4594,9941
3261,3721
815,4161
6611,8398
9224,2240
9145,8525
9798,8954
1599,3584
4795,4855
3835,1559
7696,5702
3422,6009
4370,2847
9096,9620
8647,9360
3187,6322
6419,6125
1621,1328
3913,9099
5608,4570
2595,8582
209,2206
3811,5026
8434,7824
876,3615
9510,599
1677,4610
9726,5618
8694,1213
7862,5093
9746,671
8426,4951
7765,6017
1901,436
5472,3183
157,7761
6036,2333
9092,6791
5293,8790
8415,3942
5626,8943
3633,305
7106,7976
4572,1228
3242,1483
5100,6336
8073,4212
5313,1522
5149,5056
1147,630
5441,3320
639,1516
9838,880
8769,5444
4253,1873
1042,5975
3241,9801
2131,3499
4950,3921
9463,6558
8070,9096
2389,173
9937,3834
7487,2585
5900,777
8015,5730
8891,5221
2871,3325
1393,9201
170,2944
3774,2032
2259,2678
7541,8558
8246,7562
4644,4605
2984,8606
8460,2260
2233,2031
2878,3459
7237,4907
1087,4196
4803,9365
1830,2348
3525,2657
642,6536
6959,3951
1786,3998
6945,165
8921,3304
2057,3696
228,6451
6509,1381
8398,9379
6380,5809
4781,8075
8366,1607
3436,1050
6657,2945
6376,4321
986,3252
6608,8066
8012,2162
2247,8712
6712,8287
127,2240
3672,1050
9362,9571
1583,2266
4906,7408
1077,5011
1646,3650
7400,2711
6209,4944
6891,2791
3599,4261
2946,2220
6857,8936
2746,795
1472,7039
145,7410
8428,9887
2549,7285
490,2942
4291,7941
4649,7285
5316,70
1326,655
410,3514
7057,3076
1425,1653
4477,1398
9001,4714
7485,6346
1832,6394
7251,5718
1376,6708
6679,2908
8808,3794
9568,3962
3091,3541
7026,3968
1036,5236
3907,3599
2988,629
2364,8896
4977,4466
5176,8221
4121,8572
1065,7567
4075,8212
462,7506
3024,3147
7866,1993
4506,8989
4155,2224
9691,8106
9085,4044
2834,654
2784,6524
8597,511
5757,4651
5917,5113
2241,3555
4520,5418
80,5637
4226,2939
9322,1271
9424,3066
2285,1187
4435,1613
7203,2784
7588,1881
4334,2668
8391,5251
9215,286
6394,569
9005,5201
9475,1853
7650,2071
3641,1407
6022,1287
2974,67
44,9423
3542,9955
4041,530
1951,9734
1291,9496
9770,8239
824,1367
7880,5961
1913,4123
646,4830
9251,3495
5879,3914
182,2739
2652,4946
2622,3702
2969,4772
4017,7847
2466,6379
4825,9734
3468,4095
222,748
2159,2181
7483,124
2553,8298
6101,5925
9794,8224
3962,2175
4951,8144
2403,1372
3538,8118
8497,2795
2383,3738
2725,4370
6600,1203
5497,410
6791,6485
2538,1956
1120,3109
1242,2041
3972,2515
9565,6371
8134,3571
2797,4423
4079,8259
9512,145
5775,5195
2020,6041
2762,8707
5090,8967
6662,9004
4724,3569
1844,2899
51,6326
1706,9635
1953,2158
8528,8505
1192,2347
7874,3872
8167,7211
1778,9254
4157,1311
7439,3012
2330,4915
6426,6290
5964,4820
2137,367
2295,3589
3193,7710
2170,5260
1986,1368
4833,7802
6712,3856
3484,3824
8847,9416
9849,1795
9062,2104
7393,6644
6765,6433
5144,1449
7572,9750
8877,7700
2277,7160
9267,2057
2825,2670
5504,6441
6701,5986
6219,9475
8434,9787
6110,8322
3349,135
3799,7969
1589,506
9734,8682
6329,8724
2399,6936
6830,6740
3961,4951
4373,9200
9549,2539
9483,2855
3633,9716
3479,4982
71,3546
8940,1337
6475,8573
985,6597
6076,5487
8950,8766
9224,9402
1816,2786
2227,704
395,8884
507,6165
634,7009
7729,9972
2891,8431
5732,6126
4056,4029
5941,2014
2952,6295
3706,9726
9323,8747
5611,1034
8297,8651
2799,9669
7580,4996
4656,9394
667,3149
7232,3891
7951,8970
9089,8266
6202,7270
8740,8355
3783,2748
4399,1824
2265,5189
6543,9602
9343,4293
9795,676
9943,5345
2215,9666
2796,2281
3472,1062
2952,5183
1861,168
9239,2804
5517,721
9780,2756
8094,224
2853,4327
5284,593
9003,2958
3882,2436
7205,4233
2626,3243
2440,5079
3921,1081
4783,2161
3195,2323
7913,7609
1204,4783
1475,1796
901,6745
5672,2246
2308,3112
8958,1675
7339,3523
3677,9202
9776,132
2689,6830
2349,9599
141,8810
4827,5305
9482,1755
9690,745
1462,1059
5311,6201
4252,5115
873,721
1352,353
8413,7394
8455,3372
9502,5248
1292,274
838,3925
4578,202
40,2775
2726,6976
8543,805
5253,743
8154,7735
6114,2328
2437,6481
15,9336
8523,3737
9661,4980
6801,7334
8624,6431
4816,1881
7206,4932
7910,6706
4583,8635
2651,625
1704,3141
5847,7971
8183,8172
4145,5417
4592,7477
3556,4903
2143,4466
8009,3333
147,4563
4641,3402
407,3695
8869,6331
5306,3278
5408,413
8064,4677
9649,489
7734,4658
2045,8603
9946,8418
9080,1110
4178,6103
1675,8840
298,2847
5685,9849
8393,1037
2206,4566
4732,6454
150,2567
5813,1701
220,9193
322,4435
967,8799
444,9217
3929,4892
650,7917
9858,407
5803,4243
8820,4289
9554,2524
101,4830
2061,5423
2221,8958
6883,1248
2802,2862
4979,282
2453,1990
7957,8662
3869,378
6938,6178
8033,8375
169,30
3916,1870
4553,3981
9220,2355
1728,3686
2117,3060
2538,9971
7488,9523
761,9374
3957,6267
4703,4334
6143,8125
2914,8814
2789,8615
6077,9923
2742,7429
437,5149
5137,3018
7562,4412
9431,9648
9190,3636
533,3233
7484,2251
4306,3763
1118,5454
9303,5208
2059,6410
9762,6156
8141,3080
9866,3468
194,7261
3651,4977
1357,646
5544,2802
8573,1634
9170,4790
8756,2880
3126,5043
1481,5721
8799,1230
9861,2733
8408,6290
6589,1777
9311,932
1367,2491
6105,7671
2865,2384
3722,9058
7102,7722
1263,4151
9961,6193
7038,8754
5356,531
1330,903
4469,4163
8949,3081
3559,3636
5258,6257
6646,3814
9942,1251
4289,1758
5357,7318
4708,8158
7950,9468
2859,2968
9706,6682
92,9262
9448,4095
4955,8920
8279,1712
7002,567
5950,7821
1856,3251
3140,335
3744,1302
5458,778
7388,7059
4862,2720
1918,3107
5595,1571
657,7700
9789,3886
2851,3676
1990,905
8577,1999
6629,2909
6048,7381
9245,220
8881,8363
9766,8166
401,8318
6322,4765
78,8761
7880,3289
5607,3819
3714,4159
7428,5688
7002,9812
988,3850
5067,9804
6930,3762
8995,9601
3707,2402
7722,6069
467,783
9055,2807
3160,5051
9628,8754
5937,8775
8619,8269
2049,7376
7514,5215
9196,4125
4385,7957
1360,4522
1979,355
1926,3162
1703,5767
4676,5571
8698,781
8526,8904
4496,7912
860,7088
6797,6256
4626,4536
3126,5181
9161,5626
1646,7780
4900,7869
6673,2633
6646,964
9313,4810
7669,4905
8104,4891
9454,9977
8297,912
9911,1321
6512,4598
4754,3754
1180,9640
3757,7760
5031,7548
963,1004
4396,5153
5447,1631
4290,7864
7523,1273
5429,4838
7211,792
2607,8236
2689,7257
1691,5364
1924,2100
4386,5833
7036,1656
4423,4810
3096,399
3712,9672
5864,8130
4300,8968
1695,3540
2457,15
2323,9692
2247,9608
2429,2987
4032,8687
7968,6435
1103,3647
4365,1255
795,4720
3557,7499
6478,8049
1626,8450
1364,7246
5444,3976
1356,7503
7398,5652
4808,1143
8143,5180
1838,1718
2833,1636
7037,2055
7993,8399
3272,7197
7983,9445
4435,4331
9388,7710
3451,189
3599,2317
7813,2124
5056,7279
7954,4160
5949,9196
8885,4781
3337,8284
1295,2294
767,6483
6845,8135
3726,5169
2469,4103
3951,9005
4050,9369
627,9285
7259,3574
3257,3519
2476,6964
9737,6308
7882,725
8257,481
8598,4883
890,6712
4930,8942
8283,7034
8531,4787
3858,7346
733,9581
6616,6330
2987,9347
9830,1052
2826,5267
8714,1643
5876,4987
7884,714
6135,3824
6588,273
9208,5211
5087,1488
9915,4432
6117,1229
9198,3575
3818,3949
9497,9858
446,4209
8767,8200
2412,1358
9160,7494
69,6851
3427,6241
7604,4740
6062,1847
7928,7144
9975,9755
7387,4411
4195,9068
5123,2376
4418,1622
4805,7045
9535,9997
9796,5264
4548,4567
5463,2427
846,556
8382,7136
612,1660
1051,2058
2446,5631
6663,1722
9554,8383
8565,7458
533,2029
9527,8181
7945,5933
8265,9891
8716,3132
291,4890
2608,8554
6466,4537
2818,3194
7080,5658
2375,66
7045,4781
4508,3970
7333,7234
9615,2522
2233,3694
6826,1700
5496,480
545,2495
1034,7175
8646,4004
5035,1737
4044,149
5591,9157
2201,9430
5222,1961
7076,4141
2557,4324
1164,2809
3729,6618
2305,3579
4626,1042
7973,4062
2456,7889
1958,6715
5357,3654
2869,6040
4843,1844
8466,9064
6180,6099
7336,4667
6210,9622
3088,8033
5576,6226
3107,926
3439,8969
706,48
2215,2523
7175,4237
8598,9993
6015,5119
8345,8239
5963,8267
8629,3410
1752,5327
967,9853
95,9580
1346,296
8122,4562
1385,8299
1780,779
7948,1102
7771,4681
4111,483
5991,970
7086,1167
5467,4691
9709,7025
3528,9290
9894,8775
4001,7852
2468,8976
5072,2202
1431,8009
4767,4846
3689,2052
2823,6209
2615,7112
4491,3207
3341,2439
4329,2208
2943,2910
3868,4011
6380,7068
7714,5687
9073,3845
3295,8236
4493,106
7759,9554
2957,506
9232,3173
9549,8423
8392,7980
6249,479
2277,1195
2095,8910
9900,4183
8162,9421
3125,2906
707,1817
6771,2078
3459,2290
4089,1587
414,5177
7529,6557
574,8778
468,1950
9634,2297
7663,3956
9820,6478
8039,1398
3375,3089
7271,3607
4909,9064
267,1795
2951,9070
9094,9202
308,5023
9982,1479
3060,3825
5224,1752
141,1073
5500,917
4754,6807
4228,2022
1700,4675
6951,8968
5905,8109
4483,173
6534,938
8067,3029
3581,7576
9544,263
3218,5716
9970,4330
544,132
2843,5375
7010,6940
4529,1125
7481,4352
8636,6663
3074,5131
169,1339
2302,1806
4551,2424
1576,3862
2458,543
5573,5207
971,3589
3546,9436
9492,4641
738,4487
6331,9114
2699,6946
232,8403
2373,3728
9625,7359
5657,1164
9991,2981
1045,6446
6738,9336
4163,5284
1568,9939
6484,911
9723,1787
876,1117
867,3914
1856,4679
3143,2357
5522,402
332,538
6140,339
1973,1731
2718,9353
6053,166
8269,165
6038,2189
7494,9779
2402,6398
7124,1113
9620,1814
2222,3739
9694,9420
6617,1293
9847,4083
61,8836
5693,5023
1857,6087
7322,471
8302,1499
1268,1583
7456,3007
3416,7470
2850,4044
5968,6241
9740,4005
1605,9215
6547,1993
7348,650
1818,3128
9598,7971
5372,4054
4607,5644
7267,7376
3415,4952
3325,7782
3026,5956
422,7328
2175,5854
2951,1308
747,6236
6043,3587
3425,4104
5009,7871
6955,4325
5301,7896
2395,3755
6742,4140
5119,4018
5805,1949
353,6492
6674,8078
1106,7675
9133,2904
7365,678
5467,128
2109,2898
3245,3314
4256,4290
4711,434
1286,5990
4854,265
1624,9260
2275,5966
695,1931
9236,5712
2073,4597
6709,8430
4572,3906
8992,7511
6038,396
2868,1516
6700,6755
8977,5564
46,2273
9998,5192
6887,4032
8242,7979
5571,8636
263,9408
6604,4442
4224,3506
8981,5011
8889,5308
3731,7708
6825,3165
5951,492
2333,971
4489,8141
4147,2847
3747,4498
8560,3590
7283,7537
3023,6216
6283,4004
7415,4049
3978,6933
9203,8519
2919,6625
8436,7310
3149,8818
8483,5891
8688,9241
4049,6078
3435,2771
3582,8937
898,7170
5407,7638
154,3246
3516,9993
3456,8199
177,3395
8059,1520
5573,2150
8862,9310
4896,7137
8096,1050
4902,9671
7998,852
9510,51
3656,5881
3089,2978
2472,3469
7173,9
6195,4290
2382,3965
4378,2914
1658,5501
5870,3032
3549,9423
1098,5221
7993,397
9925,2393
2271,7848
9564,8507
3328,2984
1329,3961
8591,5693
8095,1845
3393,5983
175,1808
7223,1193
2863,4233
3208,6236
3534,5503
589,1490
2747,4744
1690,979
3739,9517
7608,312
3037,9587
8139,9619
2056,9853
6571,7760
2361,6715
209,6707
9973,5968
8361,7797
3183,9888
1897,9144
5452,4413
718,829
9476,9231
9387,6448
5916,4011
7600,1820
3381,4917
1043,1783
3987,8833
3308,1451
213,6162
1985,5109
817,9805
6591,6195
2413,7739
9746,9221
677,6944
5325,6834
9819,3837
7314,1376
1570,2887
102,9482
1939,5368
9108,8931
6315,8548
4516,7915
4338,5842
3455,7557
1634,7793
9806,5357
137,425
9832,9060
9694,4327
1,1262
573,690
6118,8598
4540,3238
1599,3036
7992,5058
4958,4642
5896,6371
2520,5603
8510,9656
6539,306
6892,3354
6095,5667
9187,7540
9871,2827
5490,5285
8029,5574
5364,2100
2277,8686
523,5163
968,8801
7684,5835
9997,5068
4080,6827
161,3577
9460,8494
8317,3256
7941,8360
574,3059
1181,4045
2121,6875
2206,1408
8682,3738
8852,8941
5951,9596
1331,1424
2851,2824
5614,2509
2330,6611
6626,8818
5832,6817
7224,4298
3349,9621
5524,8406
2603,284
3019,828
9615,3776
4401,5291
1426,4417
9619,7427
4447,6660
4762,954
5559,5523
7617,9796
8761,79
3264,8270
1276,7642
1035,2549
6410,3763
2342,6409
1947,2431
3265,2235
7608,9973
1762,2868
2096,3958
7262,5950
7871,253
6625,4827
9878,8218
167,7461
9145,6063
7984,2353
5057,1302
3054,9469
7276,7236
2838,7064
1721,8931
4014,9326
1133,1545
4693,1682
3649,1701
9635,1492
5815,5795
2763,4921
6826,6378
9587,1904
1872,5289
8770,6230
6652,1196
1267,5621
6984,9281
8455,4762
7444,3062
1504,2374
1108,2959
560,9904
5799,2580
5925,104
2053,9789
5570,2406
231,2972
4542,9032
4566,493
3823,746
4297,9596
4097,5338
3515,8445
3104,1584
5914,9124
3954,3733
3317,7247
2811,6521
760,8458
7230,7341
7976,9179
6973,5010
495,7791
4641,7484
6759,1383
5062,9207
8514,4992
6815,1169
914,6677
5993,2488
9953,9023
7218,2240
9682,4288
5951,5168
240,6986
9824,3018
2566,7374
9428,7032
8003,5678
1769,4201
293,6528
5860,7853
4511,7644
9905,1475
926,3089
4363,4640
1754,7391
9757,8952
3732,2711
1848,8292
3227,5469
9271,7656
377,826
7487,6141
9693,1448
4281,2980
7114,3374
4986,8952
1668,4453
1168,2141
8866,4586
3531,1851
6060,7596
6466,7347
9655,332
7311,4798
8284,2676
4840,2782
6756,4976
5124,3155
8109,4065
5205,541
5275,2542
2351,6042
1797,1981
7230,1400
156,1388
6288,1704
8340,6667
5096,9663
6683,5247
2862,2020
6974,1590
8431,6879
3752,2540
2050,8515
2154,9549
2434,8033
8664,3326
5617,6295
2821,3375
3411,4282
6893,5431
8582,5369
453,3267
3420,8430
8472,3033
3256,983
280,1527
1692,3904
5589,1225
9735,7783
5163,4135
2915,4164
3723,6680
9940,5302
2753,1502
7417,502
3207,3759
1883,9206
9769,293
652,9984
644,1620
8822,3296
8050,609
2078,7901
1322,7607
781,1845
3634,4908
480,8033
6665,5539
19,5212
4685,8859
8043,899
6925,9414
9113,5944
7167,5217
4459,7685
7113,6064
7536,4579
5092,5209
6073,7552
3508,624
465,4982
8485,6861
9214,6800
7685,9119
6677,36
8951,1076
8312,4170
1804,9520
6629,2365
2118,2912
3729,3289
6627,6057
4964,2542
7721,9640
3806,7075
2901,6152
5060,4996
8740,740
7965,4764
3605,492
7281,1908
1113,5795
4007,1082
5784,5229
6269,9162
833,8703
3983,5515
8096,4615
4064,7457
5407,6295
5299,5939
4893,4155
9465,2434
8138,3756
1699,7158
3039,7486
9124,5193
8381,3664
238,7702
5807,8232
1161,3294
6800,2261
310,2759
8408,146
7991,5080
552,9385
8779,5709
9985,6155
2374,1014
4980,4108
6795,5963
3299,6640
4596,852
6911,5597
7244,8193
959,8571
1088,8495
7354,8102
8908,9487
1668,5624
1391,8559
8372,8858
2677,1328
1796,4922
5471,8051
8382,1827
3492,2139
7979,358
3167,6393
608,6556
3486,9922
9824,8921
6834,2572
2426,2690
5613,225
1856,3131
9331,2153
6406,4082
3115,1242
9668,4649
8239,7588
7839,4534
2088,2247
4578,6681
1566,7882
5616,6355
5078,3419
1249,2946
4347,151
7782,9733
1172,9228
3501,9887
5833,6377
4849,1899
7516,2027
4203,2292
2327,5337
5623,306
4232,5093
775,2195
8155,1201
9530,100
5201,3302
7235,3558
8208,8973
3324,6664
9809,5773
2894,1426
4153,1554
2650,9054
971,9666
7606,5071
2356,8109
5873,2501
9775,3431
940,5570
9222,7142
1659,2127
292,3799
226,739
7076,6920
351,3300
7696,1613
7230,144
5856,1073
3839,2745
1472,130
4992,6468
7785,2877
9908,1518
9101,9734
3763,921
9225,3787
9772,3523
1966,9112
1525,5855
2123,9010
7035,5541
1074,5799
9685,5023
8712,1547
6056,5823
3343,4861
1987,659
6701,5268
9260,8608
1188,6236
7044,5308
2187,3697
6379,7874
676,4841
7125,820
5653,4420
5498,8670
9672,3693
8274,4400
4978,8672
379,2460
9255,1412
9302,3091
572,7971
1217,4190
6208,5453
946,2847
1105,7960
3423,3204
8692,9051
4475,2209
597,4543
4010,2377
1791,9289
4044,8774
5089,7516
8684,9803
2327,4620
1713,1636
245,5811
8105,6326
9597,5607
344,1068
7186,8857
1406,4155
4483,9987
3402,1539
2049,6178
7788,1330
5372,8045
2642,5445
7105,7099
8778,8022
1264,9112
7158,5158
8837,5004
954,8787
4469,1743
1537,644
1611,7202
4030,1753
4464,8834
3615,3083
4370,9689
4156,1489
8135,7138
5668,7257
9821,6132
8735,1840
6736,335
1168,3594
3695,881
188,1550
4104,341
4919,8306
2623,5517
5155,4516
6597,4325
8956,3611
699,8399
4736,5863
6853,6331
3978,4335
8024,6965
619,9282
258,1822
1808,3996
204,5802
2110,6713
8915,3525
5812,3610
3395,4624
610,9519
4670,6925
1065,3113
9472,8383
3455,5488
2266,1837
3334,1630
6587,4776
23,4006
4190,5955
2255,6917
9468,3523
6531,820
1853,4196
9991,9261
9324,4961
1296,9217
7197,3867
8089,7409
6590,2434
2022,6762
1266,7530
3970,8673
858,2740
8534,6837
9031,1076
8440,9773
540,3767
5937,9343
6996,589
9587,4485
6649,2550
6566,4174
973,704
8972,1657
8923,9279
4049,3920
3532,6323
6724,1063
2975,14
4879,589
43,1245
9736,4995
8372,3700
2956,4690
4039,3804
5686,856
3856,5275
4638,8653
9966,3431
3665,6363
7657,4116
7953,7607
754,2958
8799,9635
1378,3686
9041,8878
1559,892
509,3784
5395,5029
2449,1079
4673,1192
8892,5414
9952,2252
6857,766
9849,6554
1944,6788
99,3507
5714,156
2307,3866
2619,6966
2107,4935
1865,250
9597,5569
9891,1423
3889,7996
8335,9062
5217,9516
3720,8211
5061,7954
9049,251
5306,3333
5162,7530
418,1882
2838,347
1764,698
9990,4867
3506,6254
4536,85
2883,6909
4470,9402
5147,6751
4463,3124
9463,2116
5359,5971
7087,5983
8714,7517
7101,1633
176,4760
7736,4662
937,3078
3990,7624
2281,2232
6,983
560,3019
8897,8707
585,50
8703,8315
8568,5835
9316,18
752,3414
9140,2434
6370,6688
670,1816
6246,1201
8620,1969
1054,6769
2507,871
4521,5879
2900,6294
961,131
6729,4483
6812,6193
7069,3563
6885,7155
6198,2093
6842,6252
8998,9988
1707,6284
5550,822
1015,2864
9891,2062
1048,1552
4186,6568
8414,8497
8435,4485
5142,953
176,302
5786,3432
5618,3312
8754,1140
102,7073
1313,5974
7631,9226
5096,3354
1327,3109
8055,283
7392,4052
5513,5481
8017,309
2030,9425
4238,2791
9951,1746
3211,5752
6526,9671
4369,6243
215,4357
6535,8333
6492,9535
8204,5412
7265,1943
9785,5506
9403,5346
314,9533
1783,5772
7863,7626
2666,5874
7351,1140
4684,7862
1291,9227
2991,5687
7640,7795
6646,3413
6037,6944
1608,842
6359,5033
5133,5298
3250,7535
1128,9401
5892,8788
2817,6852
5192,290
1309,7891
3268,1087
6064,4671
2803,4107
462,735
1581,2326
4056,648
9428,4523
1622,5931
966,2964
9677,6157
5003,8823
9919,6226
3623,965
8064,7748
3768,1513
3829,6295
513,8989
5642,7410
71,3128
671,9747
3876,2132
2763,8677
4132,6188
1995,171
434,8241
7312,463
9107,7041
9197,1561
1238,8923
4007,1206
3740,5544
4634,7306
2872,8900
4339,5076
2582,6531
4334,3615
1497,8633
7974,8490
4237,7947
5083,5504
9474,2889
3983,7618
6392,1915
6431,4396
4223,4233
6714,9628
4670,8579
3061,146
4561,2083
7069,7781
2702,4053
4415,6906
4963,6719
7117,4494
5573,8158
6702,6887
8718,9727
8118,8290
2695,1031
5455,2466
2514,9196
5953,9468
2212,7411
3077,2367
9593,1732
8801,1631
9316,5205
6700,3911
9445,5554
3956,228
4497,2168
6753,4794
3961,2842
4960,3
5393,4003
7932,5721
6400,458
8202,3816
7805,1508
2091,1543
5456,5107
5708,8375
8516,4314
129,7122
1752,2547
805,2953
8082,7341
7355,8566
137,2923
589,3893
5123,274
4772,4950
3135,7580
4,718
6086,7107
7242,7264
8553,250
9344,7891
969,1695
408,7980
4867,6199
8340,1206
5708,5254
9735,907
3298,2065
6043,2877
6211,5871
6466,2311
6186,9846
692,2905
4264,381
8514,4186
1745,5548
1732,3075
405,5008
3270,6882
5455,7284
4990,5845
3630,4761
9680,4203
8199,7505
6979,7904
8177,5636
6975,2625
6940,7736
9503,6343
9255,5937
8987,8302
3795,3728
8956,9472
9279,9110
1361,8265
3325,8439
488,9441
7569,8837
8029,4465
1737,4147
2572,1737
8793,5164
5852,5531
8590,9550
6159,1908
6408,196
997,9565
2335,2337
9600,4080
230,1476
968,9285
7981,5111
785,1643
2754,4272
1855,5897
3526,2386
3136,8330
2961,7949
7615,3096
6148,427
3230,72
9527,5313
4381,2673
8103,3879
1253,2258
9954,8605
3929,9467
2128,261
9387,485
6486,299
2998,8305
119,9612
2307,3571
107,2531
1792,1740
2887,7026
6281,4940
3653,4592
7502,8785
4299,6038
9270,4480
5306,7034
7167,2710
4671,1770
5467,1625
9893,2576
4523,9849
4024,6226
2674,9626
3592,9690
5041,1192
3752,470
4344,1753
7389,7026
4,7924
9320,3523
2661,1913
31,2176
1074,1294
6577,41
6001,6844
5124,4955
4603,6441
1589,6793
9338,5446
3042,9903
8098,9095
9342,7246
2452,4957
4713,2180
5397,349
9782,4464
1553,2328
2620,596
3435,1643
7698,77
7160,273
1707,5287
201,9251
3307,9553
3104,2037
1021,8993
9133,1275
3267,891
5192,723
229,3940
614,5885
9305,3963
4502,6387
563,8158
1239,9070
8661,2132
5348,2409
2945,101
9930,9389
1940,8915
9406,9550
8886,3772
2493,5293
2000,6542
9755,8721
660,352
7208,4332
471,7506
5125,4830
5837,4165
1199,3936
6385,7677
1659,6974
9209,8334
8330,1423
1799,1980
3700,6715
6342,1902
4652,1574
698,3601
9612,5142
8661,4083
1693,678
6492,304
8041,9667
8148,9231
9934,2742
184,9527
5102,1508
8647,6935
8840,3205
1465,2328
7713,181
4832,7078
4175,3436
9832,2079
9412,4998
3943,5484
1664,1480
1164,1514
7542,1730
9103,9077
606,9533
7477,1220
1010,7266
5971,2891
6964,969
707,1103
2312,5851
7360,5701
5306,8015
4025,6162
2337,3577
9147,8267
5994,70
6164,5416
2579,539
4152,6834
6160,7131
7225,3342
3896,5101
5345,9420
5497,2145
7513,8451
9743,735
9673,5068
5501,5966
6532,7449
3537,4931
1184,6543
2726,233
8585,5150
9949,7234
8293,2630
7110,6414
7424,5740
8815,935
1946,2650
9039,4244
4783,7299
9223,4321
9068,7981
7401,5727
4068,9480
28,616
2634,3845
6357,2817
5743,1836
550,628
9152,9730
7365,4303
6479,7648
9439,602
9635,7424
9037,8217
7085,2664
2110,4030
5875,6567
4215,4234
1329,1767
1315,1408
1650,4606
8589,4551
9172,6419
9199,5509
656,3470
8340,2237
1402,6561
6274,6090
8375,8280
1965,7313
386,6314
4024,2941
560,1453
9851,8387
3600,3953
2553,3741
4327,3466
2272,3828
7677,2366
4415,951
2289,5813
3369,4104
9419,9305
5167,1580
1249,9646
6023,5152
3366,1948
3919,8514
2125,2704
8375,8826
1828,5667
6663,4302
6590,9909
5630,1141
1793,3462
6842,3390
4298,3436
7577,142
5675,7620
9976,8183
8323,1399
2702,1232
5893,9500
985,6232
9852,5514
8703,5778
5140,9705
9068,8160
7601,7454
4999,2994
875,6949
7966,1541
1932,8302
5114,9728
4903,5000
516,2454
3112,1546
2691,3351
4227,5964
587,7550
6326,1213
1968,3681
7237,9548
4500,2021
6416,7801
5004,8175
3821,3330
7025,4
8259,5437
2964,2655
7898,8544
6470,8557
9092,8788
7610,8608
7102,6484
3746,96
6437,5170
262,4169
6943,1995
404,7638
4984,8841
54,7214
219,490
3532,4664
9793,9361
7524,9093
2048,5301
8931,6331
5475,6576
6804,2837
9863,9544
2453,7073
7849,8174
4537,6376
4637,9174
4406,7364
5648,9691
1369,5172
853,6842
2504,5111
6548,342
304,3214
2466,5550
5615,7396
7522,1606
1175,6441
9909,6450
9144,8400
8179,1361
2273,2058
7094,607
3271,4816
8364,1819
703,1051
5139,6725
1316,8808
6594,4368
8406,5338
8876,9327
4086,7143
9037,2451
5837,8504
3522,6806
2574,4016
172,2396
424,4497
7454,7881
1921,5186
1057,8155
8570,1849
5620,4348
4466,5683
5553,5707
8496,1865
9392,7224
8580,9554
4704,2924
9432,1740
5651,402
5493,9312
4513,3400
4342,5219
8480,2164
1605,5122
2692,2346
8498,1789
8787,2445
882,808
1998,7112
5954,2879
5851,5888
5922,611
8897,6069
2182,2955
489,1344
7497,394
5277,8088
9418,4515
2755,969
7631,8917
2791,3348
3033,7284
5557,8426
3771,4965
5603,184
8986,1266
7944,6142
8555,7666
9885,2664
9182,1081
6032,8820
2384,2101
1672,5238
3636,9337
9605,7097
9480,6376
4332,9136
6871,8465
2129,4846
554,668
8694,4357
102,1633
4580,3055
8115,1377
194,6307
8106,5702
7990,635
8457,7607
969,5131
3029,588
5413,5152
6879,5691
2008,7025
2064,5263
3757,4160
9312,4471
3498,746
2205,6355
5706,5822
2260,6532
3298,5857
8805,2517
9288,7184
1730,5460
1378,1556
6754,4595
3375,3440
4491,7630
6687,896
935,8432
1879,6879
4255,3480
6382,2951
2665,4676
3806,7641
6077,5158
219,2285
74,6038
1082,6441
335,7768
437,6916
1657,4393
625,2863
8398,6687
3598,1248
6199,7927
9332,4758
4309,266
7463,1155
7282,3859
3599,9554
3169,4196
2692,9201
4087,5287
4206,4068
8191,6974
8351,5729
4977,881
3923,9066
7365,8795
8833,245
696,4594
5959,628
155,241
5129,1455
5928,8070
4616,6241
4978,8310
1593,8827
6618,3017
3895,1933
8725,8448
5483,9809
2009,4275
6637,7241
4377,5482
6821,5345
3924,1867
7807,6290
9702,2042
8427,3670
4106,5186
6411,3545
1389,8067
591,1692
765,7801
8048,7223
6547,6597
6588,9167
1658,1355
718,3154
1493,7845
4959,6443
8163,6518
2465,8322
3573,1675
148,5219
9747,4695
1290,66
6803,471
1889,3832
3395,4998
594,1724
123,1461
7259,9632
7206,9725
7220,3562
2684,3616
1784,796
1396,4883
1056,9930
2582,2012
7921,8110
3116,7922
6171,7872
1483,7325
571,154
2395,5084
3427,3552
9004,2511
7553,3131
5273,9613
578,5908
6169,5591
6040,6705
4392,7030
8423,6169
4278,3679
9352,6464
5855,3915
3693,7552
275,2576
3108,4600
8731,7759
9686,881
9647,5140
6523,8784
8372,2965
6523,243
3287,704
2829,5449
59,559
4020,8729
3111,8812
9183,865
9902,5345
8738,6907
7385,1534
3228,8487
378,9922
9902,3989
9670,9879
1990,5600
4159,729
6932,7875
7659,2518
2365,6627
8610,9262
2952,7479
7096,8295
3597,4531
263,4017
660,4926
8104,5375
6597,4035
6909,2119
2482,4185
3704,5406
8952,2639
7884,1371
5602,2870
2440,3859
4227,1607
4078,6165
9100,5214
3892,4978
1687,3747
1103,3125
3657,5364
9351,9861
4777,8598
4189,9800
8411,364
4439,1497
8505,3009
2291,4731
335,4376
6407,355
1049,1998
724,8098
3919,6942
2873,8202
1347,7998
7912,6106
8243,793
6488,2753
3766,9313
2223,2779
1805,8005
7981,4640
4497,3328
2855,9300
6111,2392
4284,7973
24,7541
4806,4983
4118,4019
3050,8597
8018,1809
1980,4026
7414,775
66,9617
2403,5918
9537,3431
4543,286
95,3828
6278,4301
6769,7068
3724,4436
4688,3279
7450,9305
7774,2901
2045,9786
1383,5661
1323,2702
3678,2990
4255,486
504,5191
1889,2389
870,5541
3194,1081
1237,7272
8071,9939
6608,6895
2229,7787
957,8076
9856,8462
7762,2429
7774,8692
109,8023
5207,8577
4637,4509
6593,5049
7299,1804
8292,3340
8724,2960
533,2481
4173,4785
5606,4059
5826,6927
3829,8740
4584,5956
4924,5338
908,1351
4521,8401
2395,2662
1436,7233
5142,8460
8974,8526
3519,3312
8925,1938
5332,1399
5962,1661
5469,1978
4503,3267
722,9816
5598,4083
4725,4588
5514,8877
5775,7024
6262,9939
8063,1819
1835,2916
8519,9017
5054,6565
8145,497
9144,9693
4261,130
891,4410
5834,969
7885,1571
7060,5876
123,1303
4726,7116
8974,6800
7242,1424
4515,3324
9177,3722
9674,6973
4807,7911
2496,6227
9537,618
7657,8123
2602,1634
155,3485
5712,6075
647,9204
191,4043
3988,6249
9124,5515
598,4421
621,3039
4716,1257
4474,7347
6834,3081
9335,8769
1540,426
1663,3051
2682,1059
8303,6468
1476,1722
7405,204
6013,9923
184,925
1425,6349
2926,3298
4991,164
2894,3586
679,4798
5388,6536
5575,9352
8617,4353
7987,4108
805,1669
2068,6656
8659,2713
901,8806
7913,3497
5674,6408
308,4718
4215,8331
4660,6454
9614,4990
9045,3088
844,5236
9489,8572
4609,2013
6380,4617
2584,4211
1129,5946
8879,8134
5119,20
9714,4333
3653,5779
4028,553
7701,4887
8975,6554
4479,8997
5079,5215
8053,3257
3979,355
5207,8621
9734,3658
2889,584
2756,7947
8936,8271
1363,8517
6054,3485
1383,9808
8818,1691
9414,3342
4361,6234
8002,4603
3384,1186
4845,568
1375,1077
2774,4525
1911,9182
8590,4340
2800,130
5980,4454
6158,2672
141,2690
1255,5762
6337,1027
5189,153
5525,8735
8586,1857
7950,8419
6849,8169
2017,3604
6051,9806
7498,8901
9369,3227
502,6643
2499,4347
1776,9015
1480,6140
3691,8648
5254,5481
3251,2803
7493,5681
9927,1613
2611,6711
8655,7668
1562,825
4042,4377
9218,3834
1716,4370
755,2163
4356,2393
2513,2280
3941,3885
1749,9315
8743,2429
6616,7593
896,4167
2747,6978
8170,5077
7786,4753
5490,6436
6365,8973
3913,9489
1395,64
9606,9373
3365,6720
9505,677
934,6352
6001,6903
4036,6909
8294,4959
4188,7039
8898,4155
713,4114
9048,5358
9872,9567
9869,1598
5515,8454
700,5585
4267,9060
10,8943
5154,4036
5078,9274
7335,6317
5629,4731
6684,7480
5311,2008
6529,6611
3507,7724
8854,428
2132,7018
9319,4810
2933,687
1464,259
6518,4090
1757,8917
8502,6324
9363,4544
6685,2080
8712,3729
5631,2456
147,6111
4679,4174
5860,2881
6164,164
6041,7158
1269,6143
9509,8073
478,2957
7535,3006
6268,6054
1378,1397
5507,6856
5069,9647
6201,192
9390,3293
9671,1185
4995,332
1235,6483
5872,9073
5972,377
9395,9622
737,9404
5941,4477
4687,4113
8296,8538
6409,8342
6265,6812
787,6835
1101,1034
524,9388
1513,8454
6078,4016
5219,2194
6792,8770
9828,6955
963,3974
5421,1477
5364,2295
5001,6090
838,1686
3630,4134
4581,2370
3722,3927
9742,6924
5467,1110
8451,8272
9454,2977
6340,4232
8373,4246
3751,5442
4305,7958
5904,1525
8643,2027
638,3437
9789,6055
8500,2560
8737,5620
4267,6018
9908,5893
2214,6673
941,6284
1731,1144
1085,4123
4246,6540
3535,6703
3972,4050
405,1058
7249,5136
2031,3158
7854,714
5822,2183
4401,2513
5465,1654
7292,5678
6253,6322
542,8768
3730,6539
3655,3155
7347,3846
6536,7580
4444,4117
4864,353
5073,5757
5458,9850
9621,7540
284,6031
5706,838
3300,6892
3229,5673
2924,897
4321,207
9334,1473
6565,2930
260,3365
7017,456
9968,4791
7064,5732
7771,7007
485,4761
7490,1227
8477,455
617,1054
6129,9306
4923,8368
2928,4747
4279,7313
9493,3342
9172,5935
5405,9515
3181,6697
6615,2259
6052,6985
9416,777
3129,5342
9042,6107
1445,5971
2591,4178
7514,1542
1514,1234
4487,278
635,869
5837,3626
7155,9520
3899,5349
3090,8382
3418,6913
5942,5654
705,1669
7155,5030
4435,688
8632,3156
509,2514
1749,5315
375,2998
6518,2369
2416,2263
9480,4896
5762,5412
635,3782
6609,6723
5897,820
1394,8591
7288,5217
1154,441
8870,72
6941,3297
4093,5720
1750,2964
8085,9882
7207,4582
1029,1711
148,9769
4110,8823
624,7558
7011,7952
9373,6921
5652,8249
9729,186
4072,3293
7397,4256
3629,5097
1387,8923
7402,9314
876,6059
1237,9713
1916,2989
5538,9090
5659,7698
1477,2882
9090,6068
5493,5088
2609,5531
1727,3656
307,1560
8837,2746
7709,1569
8178,3433
1998,6630
379,1778
5579,1334
7474,6260
4891,4666
6707,8599
5764,3755
4929,2800
7519,9873
1786,687
8964,3192
6819,7107
1499,5362
3845,2261
3663,4800
1970,2539
1334,2076
4809,2641
8178,724
9717,6948
5803,3915
2015,6945
1076,1665
4098,3560
3969,6329
2857,4287
9648,3698
3296,5860
3605,5984
1169,5118
4158,8709
2526,2915
7553,4331
9570,605
76,770
8470,852
692,4269
1744,3300
8356,6849
8982,5529
2127,9438
2040,7434
908,4305
4093,5437
660,8324
2888,3240
7317,3598
8811,5840
8907,8693
2075,3345
8795,8907
8544,3831
9315,5035
8457,8670
64,5574
5970,8705
3330,3572
3266,4975
7960,4316
5493,1444
8555,4077
2066,781
7844,541
8285,8488
9733,4648
1005,7255
1654,8366
4753,2593
1763,223
4153,1659
3526,320
7620,9720
6195,6665
9152,4962
1381,4573
7380,2202
6769,6578
4390,2508
8542,5808
2834,6622
8029,4231
8993,8200
6380,5673
5006,5206
5273,5258
1101,7962
1228,7431
1423,8796
1563,7307
2585,7620
7174,4316
8718,8112
205,6413
7213,7831
9790,1615
6306,9936
5666,7586
2032,8753
4913,5075
5321,73
2209,890
3372,512
8741,7506
1091,5104
3346,6217
2849,2971
4884,1621
7583,7024
3215,7874
4597,1045
3802,8425
5717,3158
2911,2031
2927,3681
6291,1577
5837,6672
6513,4175
1184,4966
1885,946
7731,7372
1451,4400
8069,1399
3379,314
3643,461
6067,6710
5247,6861
851,5329
6804,7528
6308,2713
9205,9825
9129,2478
4131,8980
6478,8377
8381,4555
5530,179
1199,8288
3122,4248
2046,2435
3154,4197
5494,3789
4812,4461
8522,2199
7927,7756
71,9795
2810,4712
9212,3243
441,8514
7008,5846
2760,3375
6653,676
9414,6166
630,763
5862,987
7087,747
7490,5142
6404,7013
8439,5246
894,1617
739,6084
7511,9974
113,9516
2899,2730
3576,7266
6926,8831
4008,9621
8633,776
1284,4654
2005,5244
4097,4895
7247,7884
9771,881
8474,1077
533,6893
4727,8138
926,3455
6652,8453
7735,5211
3056,527
8761,5982
4614,9324
7235,9037
137,3891
2653,9548
7749,6358
1141,7679
2147,7113
7183,5596
1280,5762
7304,9999
384,937
4846,3900
9936,6315
3796,2064
7601,6738
8731,547
6987,8741
9809,5633
7359,3841
7336,8448
1724,6038
5719,6445
1307,7060
6877,6992
8234,6916
8053,4298
856,4094
2533,1115
4143,7196
2658,1014
8016,6842
7023,2682
5696,7540
5566,4333
8757,7337
2565,4111
7276,4565
3328,8639
7829,5418
2902,5699
1967,231
272,6944
7616,1366
4812,5436
1025,1114
1146,9979
5418,5765
5325,3500
6868,4751
3377,685
7119,5069
4860,7002
6035,7939
4703,7990
2929,3186
584,9892
9734,6631
4,3044
2284,8676
1969,5078
7722,6272
4143,1765
5723,8046
61,3227
4932,3614
6898,9102
5725,8472
8182,103
2798,6112
9285,570
6366,6321
6271,9341
2094,9960
9983,2259
511,9417
4947,5624
6010,5853
1494,692
3618,7182
9295,7675
9278,5448
8092,5968
1978,5350
346,379
8954,2600
3088,7779
4061,4576
5999,3594
3514,7144
261,6083
9823,8042
2301,4182
2655,4502
7339,1844
5871,524
4529,222
7575,8100
6309,4296
1287,7217
3220,5423
6942,8330
4847,5582
1448,3863
302,6155
2637,3484
4467,5644
1570,5248
4978,7917
3438,8288
9917,9256
6770,6040
3032,8023
3870,8354
341,8849
6921,3189
6791,8044
6329,1464
8113,4005
3626,2417
4317,3713
7092,996
6538,6830
2044,7484
6117,597
9007,4923
1342,4058
1752,1090
2340,3387
2651,5563
4025,9529
6384,164
7850,6559
711,2446
3245,5997
2597,6442
972,2021
4374,6853
4329,3350
9326,1451
1601,9761
1388,6521
8949,8653
4399,3880
8409,2680
8906,6615
484,6687
7074,3092
8982,7382
8594,7548
8709,3545
4167,3195
607,7658
6483,2140
4898,4762
3506,335
1609,564
6818,9522
6162,1505
3490,4355
9475,384
6248,8037
2450,3318
9886,8340
998,2634
7025,7897
7062,4558
1101,6759
1606,6202
8640,2360
5453,9788
5722,6885
8798,5948
2077,2218
5041,7642
5660,8432
2825,3628
6710,9749
6442,5891
6154,588
9197,5358
3193,8118
4438,8695
4279,139
6754,1487
5403,9889
240,263
2529,7386
3816,9926
8666,1244
306,7192
473,8333
9853,9445
4434,5881
5849,4650
1747,2914
3060,4765
6346,7628
748,2870
7248,5249
7702,1784
4385,2797
8163,2582
7615,3994
4298,3168
4293,7119
4684,2256
6885,2489
6560,3904
839,1753
5255,7658
5150,2238
8873,3333
2311,8433
3635,8432
9010,8226
2064,6555
9348,8383
8877,6394
2991,9605
1329,3434
9500,2970
144,8274
9118,1321
9466,3423
3073,301
991,360
5887,8316
3719,4107
9846,58
3542,4145
4098,5064
7360,8727
6867,3462
7529,1567
3199,6773
9053,9264
16,1854
9673,8735
6003,8939
6206,8622
2759,3437
5681,1232
7173,7140
4176,9482
228,4152
228,2034
7072,2554
1043,9407
9064,6245
4573,4462
9218,4992
6572,4482
2157,9478
2862,4414
9269,1121
519,9697
6683,315
3875,7974
9045,6265
5707,4759
8130,3031
3913,4771
6173,321
2765,7303
4844,3341
6662,3343
8850,4825
5886,5982
728,5475
7192,5898
2516,4336
9093,9052
8927,9
2352,7120
5576,2894
6945,5891
7053,8781
5766,9691
8546,4907
2953,6685
5821,5471
9357,7590
6403,8874
8754,5319
6015,4639
413,6635
4372,9515
2511,965
5672,807
7841,8880
7706,7422
318,3881
2898,9179
44,3881
7865,1063
6838,7623
725,8660
930,8845
9531,6754
8046,3978
398,7287
7659,2979
7822,4472
696,3548
5760,352
3481,4031
4523,2450
3716,3374
2492,8492
6336,7659
7085,5087
1895,9964
4837,5581
1936,1259
7032,5852
2670,6808
4135,7185
1498,9447
1494,6988
9708,8340
394,8674
2259,7015
6068,6733
883,5252
8913,9204
4120,4006
7972,5977
2287,7738
4062,2669
7353,9907
7493,2689
2828,6932
7014,3494
6746,6859
1299,8759
4385,1898
4635,5212
6714,9872
5069,3655
5626,6755
5335,9652
7207,8425
5355,6877
9586,783
2300,2414
9908,2198
8863,1762
4346,4765
6317,491
1990,5912
1059,8602
4169,1126
7119,6355
6082,1182
5370,7611
4469,3927
578,9696
1768,1879
1698,7168
5533,7883
1403,890
2805,8394
7106,3517
1440,7666
6066,4388
9928,668
7515,6262
7726,7009
5128,9238
2514,1836
3962,5145
3183,5363
7274,117
5842,7298
9506,725
859,3836
8478,9510
624,5226
5798,130
4844,7977
4551,9419
774,5494
4756,5143
4132,1477
2350,2785
155,4134
5999,4117
3630,7314
1815,8802
3391,2597
5500,7242
3900,3454
9873,7454
5999,7403
2855,3759
4159,8091
7552,1817
7420,2885
1099,6735
1030,5080
5,6477
953,3565
2727,5435
4049,3695
4069,5612
8304,6602
737,5342
1400,1033
3130,6549
1149,7774
427,9980
6332,1100
9555,5630
4823,7950
9073,7371
8734,1439
8112,3603
1940,4690
8450,9501
7401,2005
3980,3001
2228,3423
9784,7628
2881,4821
408,758
8748,5386
7277,3826
4642,4627
2418,1997
2922,1660
2700,4050
5648,1198
8737,917
4206,6317
6779,7831
7848,785
843,7995
7945,8946
7202,2909
9925,9396
3896,530
9078,7916
973,1162
7261,144
5904,1241
6976,2224
1949,9270
5194,5329
2869,6776
6400,5556
8346,3371
1208,7015
8575,7665
1543,3372
9981,8094
3805,4458
2552,9410
5902,7502
9514,8461
1947,3006
8584,651
5786,7146
6667,1088
7353,6033
8645,5610
8859,2973
63,5247
1125,9854
2232,377
463,4681
160,5401
7336,7573
5368,7764
2496,9409
8154,52
7202,2792
1224,8978
7583,2071
1200,9047
8386,4632
8399,8736
7208,2410
8804,5553
5626,2311
6885,746
6271,2731
8422,1170
5358,3728
5453,8311
4624,2004
9250,2483
2906,6577
2151,7949
7854,2330
9492,2811
6446,5814
8642,4163
6352,9282
9009,4468
4579,4066
3146,3429
7604,1070
7502,2948
5735,5789
9107,8670
6753,3573
4822,8149
4807,3707
5084,1394
9662,4450
4157,516
461,9424
1264,6974
6755,4980
8386,8535
6720,7765
5531,1154
7692,7339
5736,9215
1434,1333
763,5829
6010,9798
8459,4329
6936,9683
8366,8019
6925,6321
5819,6543
5900,6171
657,9028
4234,7952
8825,5498
4340,5739
2787,376
3641,4989
9318,2894
1100,116
1940,6946
627,9246
4402,6393
9152,5388
1621,560
5361,1728
35,5717
9170,3248
3297,3677
925,1552
2421,668
668,5734
7391,6987
2925,6151
1210,926
6555,3137
3897,8895
1694,1484
2049,792
532,5699
2874,7466
5533,2323
2995,7379
2096,4941
3166,9207
1537,8329
125,6017
8547,4601
9273,9725
3950,9854
8138,9542
7211,6734
8205,7361
7038,8928
6331,3196
9815,1779
8688,2077
8911,8556
7821,846
9735,2367
2971,708
9782,5725
502,747
4387,2089
9494,9274
3794,8538
358,4661
5153,6510
642,6854
1172,4625
4395,8512
1289,2517
5212,8220
142,4618
5357,5482
5518,5130
9784,7247
195,8368
283,1346
5030,5618
7786,9826
631,5631
9800,3408
6336,6725
483,16
5792,8528
6972,113
2150,8789
2284,7918
147,3725
